name,xpos,ypos,zpos,xrot,yrot,zrot,xscale,yscale,zscale
Terrain
rpgpp_lt_terrain_sand_01,10.87,0.32,16.78,0,0,0,1,1,1
MountainSkybox,0,143.2,-55,0,0,0,1,1,1
Ground,-10.11,-0.34,-30.1,0,0,0,70,1,30
SM_Terrain_Mountain_01,-18.3,0,55.9,0,0,0,1,1,1
SM_Terrain_Mountain_02,-45.3,0,37.6,0,90,0,1,1,1
SM_Terrain_GrassEdge_01,-38.30558,1.7,-15.59554,3.142771E-07,93.32354,8.773146E-07,1,1,1
SM_Terrain_Ice_01,26.64999,16.4149,30.04001,-8.440272E-07,342.6685,1.286376E-07,1.724207,1,1
SM_Terrain_Swamp_Growth_02,37.25001,-1.470004,-31.64001,0,0,0,2.427242,2.427241,2.427242
SM_Terrain_Swamp_Growth_02,35.75893,-1.399673,-29.49255,0,0,0,2.065467,2.065467,2.065468
SM_Terrain_Swamp_Growth_02,27.65,-1.430003,-33.05,0,0,0,1.932497,1.932497,1.932497
SM_Terrain_DustPile_Small_02,-41.45999,-0.1500006,-33.3,0,0,0,27.94508,9.80294,27.9451
SM_Terrain_GrassEdge_01,-11.23014,2.463802,34.10896,1.388224E-06,211.4473,-4.930952E-06,0.8160352,0.9077311,0.6963068
SM_Terrain_GrassEdge_04,-4.550377,-1.275815,22.7125,347.7274,314.9149,355.8896,0.6962694,1,1
SM_Terrain_GrassEdge_01,-4.264549,2.657573,33.79337,-6.804263E-06,149.6192,-8.768757E-06,1,1,1
SM_Terrain_GrassEdge_02,-5.85,1.28,31.67,5.968254E-07,172.6105,-7.449574E-07,1.192939,1.076117,1
SM_Terrain_GrassEdge_01,-39.6452,0.5981941,-6.790958,21.88672,88.73801,358.4373,1,1,1
SM_Terrain_GrassEdge_01,14.5,0.7300031,42.50001,6.859138E-07,281.2678,5.416013E-07,1,1,1
SM_Terrain_GrassEdge_Roots_02,29.10101,-0.7700033,-40.57501,357.7766,10.88229,179.2997,1,1,1
SM_Terrain_DustPile_Small_02,-34.5,-0.1500006,-42.81001,0,0,0,18.55642,6.509462,18.55643
SM_Terrain_DustPile_Small_02,-28.58,-0.1500025,-41.42,0,0,0,18.55642,6.509462,18.55643
SM_Terrain_Swamp_Growth_01,33.32917,-1.399935,-32.70428,0,0,0,1.733258,1.733258,1.733259
SM_Terrain_Swamp_Growth_01,32.62,-1.402002,-24.31,0,0,0,1.733258,1.733258,1.733259
SM_Terrain_Swamp_Growth_01,30.48001,-1.402004,-31.12001,0,0,0,1.733258,1.733258,1.733259
SM_Terrain_Swamp_Growth_01,32,-1.402003,-37.95,0,0,0,1.895881,1.895881,1.895881
SM_Terrain_Ice_01,30.74,16.41489,25.62,0,0,0,1,1,1
SM_Terrain_Ice_01,29.13,16.41489,25.31001,0,201.9434,0,0.4678542,0.6642225,0.4779548
SM_Terrain_Ice_01,29.6,16.4149,30.03,3.148047E-07,43.77618,1.506625E-06,1,1,1
SM_Terrain_Ice_01,32.59,16.44,23.82,0,0,0,1.804672,1.804671,1.804672
SM_Terrain_Mountain_01,54.6,-3.2,0.77,0,0,0,1,1,1
Ground,0,-0.34,19.4,0,0,0,100,1,70
rpgpp_lt_terrain_path_01a,3.37,0.16,0.7,0,0,0,1,1,1
rpgpp_lt_terrain_path_01b,-0.21,0.16,4.73,0,267.4826,0,1,1,1
rpgpp_lt_terrain_path_01b,0.21,0.16,-4.9,0,267.4826,0,1,1,1
rpgpp_lt_terrain_path_01b,0.61,0.16,-13.99,0,267.4826,0,1,1,1
rpgpp_lt_terrain_path_01a,-5.85,0.16,-9.75,0,0,0,1,1,1
rpgpp_lt_terrain_path_01b,0.61,0.16,-18.23,0,267.4826,0,1,1,1
rpgpp_lt_terrain_path_01a,-5.83,0.16,0.73,0,0,0,1,1,1
rpgpp_lt_terrain_path_01a,-9.75,0.16,0.83,0,0,0,1,1,1
rpgpp_lt_terrain_path_01a,-13.1,0.16,4.43,0,270,0,1,1,1
rpgpp_lt_wood_path_01a,3.62,0.17,1.49,0,0,0,1,1,1
rpgpp_lt_wood_path_01b,-0.91,0.17,1.51,0,0,0,1,1,1
rpgpp_lt_wood_path_01a,-0.96,0.17,4.29,0,267.483,0,1,1,1
rpgpp_lt_wood_path_01b,-0.83,0.08999997,-0.2,0,267.483,0,1,1,1
rpgpp_lt_wood_path_01a,-0.54,0.17,-5.34,0,267.483,0,1,1,1
rpgpp_lt_wood_path_01b,-0.41,0.08999997,-9.83,0,267.483,0,1,1,1
rpgpp_lt_wood_path_01a,-0.14,0.17,-14.43,0,267.483,0,1,1,1
rpgpp_lt_wood_path_01b,-0.01,0.08999997,-18.92,0,267.483,0,1,1,1
rpgpp_lt_wood_path_01a,-5.6,0.17,-8.96,0,0,0,1,1,1
rpgpp_lt_wood_path_01b,-10.13,0.17,-8.94,0,0,0,1,1,1
rpgpp_lt_wood_path_01b,-0.01,0.08999997,-23.16,0,267.483,0,1,1,1
rpgpp_lt_wood_path_01a,-5.58,0.17,1.52,0,0,0,1,1,1
rpgpp_lt_wood_path_01b,-14.45,0.17,1.7,0,0,0,1,1,1
rpgpp_lt_wood_path_01b,-10.11,0.17,1.54,0,0,0,1,1,1
rpgpp_lt_wood_path_01a,-13.92,0.09999999,4.18,0,270,0,1,1,1
rpgpp_lt_wood_path_01a,-13.92,0.06,0.48,0,270,0,1,1,1
rpgpp_lt_wood_path_01a,12.71,0.17,1.49,0,0,0,1,1,1
rpgpp_lt_wood_path_01b,8.18,0.17,1.51,0,0,0,1,1,1
rpgpp_lt_terrain_path_01a,12.46,0.16,0.7,0,0,0,1,1,1
River_Plane_WaterFall_01,36.96,26.59,31.44,6.400088E-07,328.9213,7.082023E-07,1.372218,1.242488,1.760164
River_Plane_WaterFall_01,26.24,16.42,27.31,1.450738E-06,331.6512,5.141799E-07,1.372218,1.619069,2.57389
River_Plane_01,24.56,1.03,19.52,0,0,0,1,1,1
River_Plane_01,23.67,1.03,24.31,0,0,0,1,1,1
River_Plane_01,19.57,1.03,19.52,0,0,0,1,1,1
River_Plane_01,18.68,1.03,24.31,0,0,0,1,1,1
River_Plane_01,16.21,1.03,19.52,0,0,0,1,1,1
River_Plane_01,15.32,1.03,24.31,0,0,0,1,1,1
River_Plane_01,11.22,1.03,19.52,0,0,0,1,1,1
River_Plane_01,10.33,1.03,24.31,0,0,0,1,1,1
River_Plane_01,14.43,1.03,26.84,0,0,0,1,1,1
River_Plane_01,24.56,1.03,15.4,0,0,0,1,1,1
River_Plane_01,19.57,1.03,15.4,0,0,0,1,1,1
River_Plane_01,16.21,1.03,15.4,0,0,0,1,1,1
River_Plane_01,11.22,1.03,15.4,0,0,0,1,1,1
River_Plane_01,19.57,1.03,13.18,0,0,0,1,1,1
River_Plane_01,14.32,1.03,13.34,0,0,0,1,1,1
River_Plane_01,32.27826,16.42,30.56791,1.450738E-06,331.6512,5.141799E-07,1.372218,1.619069,2.57389
River_Plane_01,42.83624,26.59,34.9818,6.400088E-07,328.9213,7.082023E-07,1.372218,1.242488,1.760164
Swamp_Water,35.92062,-1.270172,-29.28079,1.863249E-05,268.725,-7.356024E-07,2.542912,2.158255,2.158256
Rocks
rpgpp_lt_rock_01,-5.52,1.045,-15.88,0,0,0,1,1,1
rpgpp_lt_rocks_tiny_01,9.8,0.64,18.82,0,0,0,1,1,1
rpgpp_lt_rock_small_02,10.23,0.69,17.17,0,0,0,1,1,1
rpgpp_lt_rock_03,9.950001,1,15.08,0,0,0,1,1,1
rpgpp_lt_rock_02,12.98,0.36,-18.7,0,0,0,1,1,1
rpgpp_lt_rock_03,-18.12,1,-1.63,0,0,0,1,1,1
rpgpp_lt_rock_02,8.67,0.36,-33.69,0,0,0,1,1,1
rpgpp_lt_rock_02,-12.99,0.36,-29.59,0,0,0,1,1,1
rpgpp_lt_rock_02,-20,0.36,-38.64,0,0,0,1,1,1
SM_Rock_Pile_01,-5.199995,3.229998,-43.01,16.04881,281.6372,288.6593,1.756536,1.756535,2.893443
SM_Rock_Pile_02,2.900005,-0.08333778,-48.34,3.685292E-07,267.3609,-3.859071E-07,3.567084,3.567084,3.567083
SM_Rock_Cluster_Large_01,-19.6707,0.2808061,-42.99959,0,0,0,1,1,1
SM_Rock_Tile_01,10.755,1.649899,45.58101,307.8242,291.9413,103.2683,1,1,1
SM_Rock_Pile_01,8.627682,1.041306,11.31603,359.6692,28.47058,355.517,1,1,1
SM_Rock_Pile_02,7.199997,10.88,45.18001,351.6303,117.9997,346.9932,2.125302,2.1253,2.125301
SM_Rock_Cluster_Large_02,13.57,7.290002,36.66,317.6501,326.9444,82.19133,0.5084416,0.5084416,0.5084419
SM_Rock_CaveInterior_01,10.11,3.220003,43.66,-8.247408E-07,29.96943,-2.207528E-07,1.193279,1.19328,1.19328
SM_Rock_CaveEntrance_02,7.57,2.640776,40.73001,-2.171637E-07,29.47103,8.256932E-07,1,1,1
SM_Rock_Small_01,6.443797,0.05734539,-20.86364,0,0,0,1,1,1
SM_Rock_Cluster_Large_01,-24.54999,0.5699968,-47.28,8.430661E-07,18.16755,1.347924E-07,1.119878,1.119877,-1.204341
SM_Rock_Pile_02,-28.62,-0.3299999,-24.21,3.861917E-07,129.5578,-1.819018E-07,0.5792255,0.5792253,0.5792255
SM_Rock_Pile_02,18.13762,0.1998792,-19.04929,0,0,0,1,1,1
SM_Rock_Pile_04,-18.53577,-0.5661716,6.894299,2.849748E-07,99.44666,-2.414768E-07,0.621496,0.6214962,0.6214962
SM_Rock_Pile_02,-30.92,0.01000309,27.76001,-6.051078E-07,89.73421,-6.023072E-07,0.5792254,0.5792253,0.5792254
SM_Rock_Pile_04,-39.89,-0.829998,14.29,0,0,0,1,1,1
SM_Rock_Pile_02,-24.07,-0.329998,17.26,-1.455296E-06,220.3794,-9.899816E-07,0.5792254,0.5792253,0.5792253
SM_Rock_Pile_04,26.50001,-1.580004,-42.99001,0,57.61817,0,1,1,1
SM_Rock_Cluster_Large_04,44.67001,-1.930002,-19.43001,0,0,0,0.555858,0.555858,0.555858
SM_Rock_Pile_03,36.01,-1.270002,-16.26001,0,0,0,0.9345801,0.93458,0.9345801
SM_Rock_Pile_04,11.4,0.68,35.63001,1.004891E-06,337.3359,6.693675E-07,1.350205,1.814996,1.507747
SM_Rock_Cluster_Large_05,-30.74999,-0.9600029,-49.21,1.39891E-06,341.9184,6.419273E-07,1,0.9888167,1
SM_Rock_CaveEntrance_02,-11.41999,-1.465212,-39.94,-8.479868E-07,13.34938,-9.923578E-08,1,1,1
SM_Rock_Cluster_Large_02,-49.95,2.380001,10.02,348.7043,338.7167,287.5674,0.6506435,0.8882591,0.6506435
SM_Rock_Cluster_Large_03,-55.14,5.610001,16.58001,8.536444E-07,358.0056,-1.485909E-08,0.7197762,0.7197761,0.7197764
SM_Rock_Cluster_Large_01,-33.78,-0.3399992,-4.23,1.233365E-06,46.3815,1.457209E-06,0.4342611,0.4342609,0.4342609
SM_Rock_Cluster_Large_06,39.196,4.853301,13.356,359.1893,106.9573,294.3278,1,1.328721,-0.6481721
SM_Rock_Pile_03,0.75,-0.3500018,-42.49001,0,0,0,1.38,1.38,1.38
SM_Rock_Pile_04,-31.39,-0.01000214,-24.08,2.849748E-07,99.44666,-2.414768E-07,0.621496,0.6214962,0.6214962
SM_Rock_Pile_02,-22.53,0.1299982,-28.4,-1.32748E-06,307.6874,-1.250414E-06,0.6434634,0.6434631,0.4429422
SM_Rock_Pile_02,29.46,18.74,15.18,358.1399,43.69083,4.45266,1.031224,1.031223,1.031223
SM_Rock_Cluster_Large_01,-54.23001,3.670004,21.41,-2.410804E-08,183.2361,8.534331E-07,0.9489237,0.9489235,0.9489237
SM_Rock_Cluster_Large_01,-43.49,3.670006,48.6,-8.034382E-07,39.54492,-2.888194E-07,0.9489236,0.9489235,0.9489235
SM_Rock_Cluster_Large_01,-53.44,-0.1899986,29.60001,-8.034382E-07,39.54492,-2.888194E-07,0.9489236,0.9489235,0.9489235
SM_Rock_Cluster_Large_04,-53.92,-2.799997,14.17001,-8.508327E-07,170.4859,7.080454E-08,1.273236,1.132902,1.600785
SM_Rock_Pile_02,-14.93,3.659998,-40.34,354.0078,175.9619,359.8685,0.9700734,0.9700738,0.9700736
SM_Rock_Cluster_Large_04,-10.61,2.539998,-48.59001,336.5117,17.07218,356.7274,1.300253,0.7074745,1.022645
SM_Rock_Cluster_Large_04,42.17999,22.72,39.02999,0,193.3239,0,1,1.179244,0.7569558
SM_Rock_Pile_04,-23.47,-0.1897822,-19.24,347.5708,348.9325,16.47203,0.7406448,0.7406449,0.740645
SM_Rock_Pile_05,-19.946,-0.08333492,-28.303,8.265453E-07,29.01804,2.138979E-07,0.4000002,0.4000002,0.4000002
SM_Rock_Rounded_01,-10.244,-0.3710003,-16.249,348.113,357.7128,353.7831,0.6854466,0.9058578,0.6224296
SM_Rock_Small_02,-12.572,-0.3345056,-10.013,348.365,357.1766,16.46657,1,1,1
SM_Rock_Rounded_01,12.47,1.120701,18.93,0,0,0,1.158285,1.691258,1.158284
SM_Rock_Rounded_01,1.57,0.8880022,22.52,-4.396962E-08,185.9041,8.526406E-07,0.7733147,1.486739,0.7733148
SM_Rock_Rounded_01,3.07,0.5770917,22.49,-2.142779E-07,273.7923,2.005448E-07,1.338903,1.768576,1.338903
SM_Rock_Pile_04,1.71,0.4890027,24.56,1.094308E-06,269.9137,1.123711E-07,-0.7839152,0.770584,0.7705839
SM_Rock_Pile_02,8.769663,1.037001,23.29826,9.98984,231.5372,2.370456,0.4353445,0.4353445,0.4353445
SM_Rock_Small_01,-9.170002,0.37,26.5,9.450845E-08,138.2341,-9.498578E-07,1,1,1
SM_Rock_Small_02,-9.73732,0.222,25.05579,0,0,0,1,1,1
SM_Rock_Pile_02,-7.170004,0.2400022,25.19,0,0,0,0.5378947,0.5378945,0.5378947
SM_Rock_Pile_02,18.27,0.4900007,22.39,1.76485E-06,351.7009,7.279772E-07,0.7090097,0.7090098,0.7090097
SM_Rock_Pile_02,-13.82,-0.9269991,20.921,16.02109,86.35857,289.102,0.4134113,0.4134115,0.4134115
SM_Rock_Pile_Curved_02,-15.46,-0.2299986,22.01,320.3497,39.81964,350.0895,0.6311367,0.6311366,0.6311365
SM_Rock_Pile_03,-22.95,0.01000166,11.57,0,0,0,0.735858,0.7358578,0.7358581
SM_Rock_Cluster_Large_01,-27.99,-0.9800005,-36.23,-1.361935E-06,292.2566,-1.140806E-07,0.434261,0.4342609,0.434261
SM_Rock_Pile_04,-33.21968,-0.3569994,-21.07484,10.76327,109.1359,7.97961,0.5070525,0.5070525,0.5070525
SM_Rock_CaveInterior_02,-12.33,-1.130001,-42.54,-2.097309E-07,14.11043,1.694618E-06,1,1,1
SM_Rock_Cluster_Large_06,20.86,-3.060003,-47.36001,5.124048,256.9644,284.0765,0.7838312,1,0.8545755
SM_Rock_Cluster_Large_06,-44.76,-2.5,-16.3,4.346378,1.853944,285.9677,0.6146374,1,0.8280907
SM_Rock_Cluster_Large_06,30,-0.7100024,-15.8,7.076481,266.2415,262.6625,0.7544863,1.202598,0.8871975
SM_Rock_Cluster_Large_06,41.50001,0.5499954,-36.3,347.002,30.47162,262.8356,1,1.769313,0.780728
SM_Rock_Cluster_Large_01,-44.93,0.5700016,0.06000495,-8.511486E-07,171.0119,6.689779E-08,0.9489235,0.9489235,-1.020494
SM_Rock_Cluster_Large_03,-44.89,-1.110001,-36.55,2.316515,287.9443,353.5581,1,0.7086555,1
SM_Rock_Cluster_Large_04,-43.18,-1.430002,-42.68,0,35.55214,0,1.300252,1,1
SM_Rock_Cluster_Large_03,6.120002,-1.680002,-48.16001,1.760072E-06,28.71121,9.810611E-09,1,1,1
SM_Rock_Cluster_Large_06,28.82,19.05465,37.49,359.0154,153.1531,280.3156,0.7111766,0.9994534,-0.4260425
SM_Rock_Cluster_Large_03,14.86,0.2199988,-14.61,1.986012E-06,30.75401,-7.820263E-07,0.768862,0.6035344,0.7688618
SM_Rock_Cluster_Large_01,43.75,5.189999,-13.25001,-7.360661E-07,250.1649,1.047997E-06,0.729327,0.8011617,1.060254
SM_Rock_Cluster_Large_06,41.05,17.77,23.05,358.4152,121.6133,276.4025,0.8741937,1.068432,0.4485462
SM_Rock_Cluster_Large_01,23.17,0.74,11.3,-1.34727E-07,216.7945,4.050691E-07,0.7293265,1.121162,0.7293262
SM_Rock_Cluster_Large_04,30.12,2.13,16.77,1.142392E-06,52.22089,-3.908956E-07,1.110573,2.820991,1
SM_Rock_Cluster_Large_04,19.83,2.130002,32.16,2.15633E-07,209.2587,-8.260943E-07,0.9744978,2.527968,0.8308297
SM_Rock_Cluster_Large_04,51.03999,2.130001,8.919998,5.887163E-07,336.9719,7.51382E-07,0.8634974,1.758362,0.8634976
SM_Rock_Cluster_Large_01,0.1299953,2.630004,48.39001,6.890293E-08,9.258062,-8.509887E-07,1.249694,1.249693,1.249693
SM_Rock_Cluster_Large_01,18.01,12.53,40.65001,352.6095,171.9982,8.165201,1.242225,1.242224,1.242226
SM_Rock_Cluster_Large_03,48.83,10.98,11.33,-5.619322E-07,279.481,-6.429148E-07,1.020417,1.367503,1.020417
SM_Rock_Cluster_Large_01,43.06,23.46,27.58,1.620758E-06,105.2276,-1.640224E-07,1.295388,1.424999,1.295388
SM_Rock_Cluster_Large_03,31.22999,24.58,37.94001,-8.187124E-07,357.6589,1.724633E-06,0.9119456,0.9442731,-0.8818886
SM_Rock_Pile_04,24.34,15.49,31.12001,1.169232E-06,61.10349,-3.012575E-07,1.350204,1.814996,1.507746
SM_Rock_Pile_Curved_02,42.64001,-1.790002,-27.64001,1.305556E-06,68.27246,-4.042358E-07,1.807069,1.807068,1.807068
SM_Rock_Pile_Curved_02,-17.05,0.2600021,23.75,320.3497,39.81964,350.0895,0.6311367,0.6311366,0.6311365
SM_Rock_Pile_Curved_01,14.24,0.5200012,29.19,0,221.2954,0,1.643147,2.257191,1.251224
SM_Rock_Pile_Curved_01,17.64,0.4016514,20.93,0,0,0,1,1.266884,1
SM_Rock_Cluster_Large_04,41.74001,-2.800004,-47.18001,-1.698486E-06,58.48212,-4.616217E-07,1.127983,1.132902,1.600785
SM_Terrain_Rubble_Pebbles_01,32.257,-0.075,-2.648,-5.387474E-07,37,-1.08056E-06,1,1,1
SM_Rock_Pile_01,14.85,1.041306,10.25,359.6692,353.0537,355.517,1,1,1
SM_Rock_Pile_01,6.08,1.041306,16.43,359.6692,97.37897,355.5171,1,1,1
SM_Rock_Pile_01,5.59,1.041306,21.3,359.6692,76.96098,355.5171,1,1,1
SM_Rock_Pile_01,6.98,1.041306,26.54,359.6692,129.034,355.5171,1,1,1
SM_Rock_Pile_01,10.84,1.041306,30.21,359.6692,151.6237,355.517,1,1,1
SM_Terrain_Rubble_Pebbles_01,-13.171,-0.3710008,-8.759998,359.1705,355.047,1.979026,0.5839007,0.5839007,0.583901
SM_Rock_Cluster_Large_01,-61.64001,0.2600002,-15.71,-1.575914E-08,357.8847,-8.536281E-07,2.764195,1.604089,-2.972679
SM_Terrain_Rubble_Pebbles_03,22.10568,0.02008581,-3.884113,4.268868E-07,-3.415094E-06,2.134434E-07,1,1,1
SM_Rock_Small_02,32.103,-0.02300119,0.1040039,4.268868E-07,-3.415094E-06,2.134434E-07,1,1,1
SM_Rock_Pile_Curved_02,5.76,0.2600021,38.14,320.3497,39.81964,350.0895,0.6311367,0.6311366,0.6311365
SM_Terrain_Rubble_Pebbles_01,32.257,-0.075,-2.648,-5.387474E-07,37,-1.08056E-06,1,1,1
SM_Rock_Small_02,32.103,-0.02300119,0.1040039,4.268868E-07,-3.415094E-06,2.134434E-07,1,1,1
SM_Rock_Cluster_Large_06,46.1,-0.5,3.5,359.1893,22.12988,294.3275,1,1.328721,-0.6481721
SM_Rock_Cluster_Large_06,48.11,-6.46,-21.03,359.1893,22.12988,294.3275,1,1.328721,-0.6481721
Props
rpgpp_lt_ladder_01,2.03,0.42,8.53,0,180,0,1,1,1
rpgpp_lt_well_01,-3.11,0.109,-12.815,0,0,0,1,1,1
rpgpp_lt_bucket_01,-4.134,0.19,-13.547,0,0,0,1,1,1
rpgpp_lt_bird_house_01,-1.7,0.28,-7.857,0,90,0,1,1,1
rpgpp_lt_bird_house_01,2.25,0.28,-1.46,0,270,0,1,1,1
rpgpp_lt_bird_house_01,-2.369,-0.08,3.1,0,180,0,1,1,1
rpgpp_lt_hanger_clothes_01,-19.96,-0.04,-18.82,0,90,0,1,1,1
rpgpp_lt_bathtub_wood_01,-18.16,0.24,-18.41,0,0,0,1,1,1
rpgpp_lt_barrel_01,-1.86295,0.099,-22.93776,0,87.26985,0,1,1,1
rpgpp_lt_package_01,-2.781929,0.302,-22.68725,0,87.26985,0,1,1,1
rpgpp_lt_vase_02,-2.068147,0.098,-22.22472,0,87.26985,0,1,1,1
rpgpp_lt_sack_01,8.360001,0.77,16.31,0,0,0,1,1,1
rpgpp_lt_rake_01,10.53061,0.632,17.71,5.21147,38.94157,353.5867,1,1,1
rpgpp_lt_box_wood_01,5.629369,0.577,-24.46661,0,87.26985,0,1,1,1
rpgpp_lt_vase_01,5.207088,0.07700002,-23.67282,0,87.26985,0,1,1,1
rpgpp_lt_vase_01,5.739474,0.07700002,-23.64744,0,87.26985,0,1,1,1
rpgpp_lt_table_01,-3.89,-0.25,-4.45,0,327.0024,0,1,1,1
rpgpp_lt_chair_01a,-4.212,-0.088,-3.043,0,327.6967,0,1,1,1
rpgpp_lt_chair_01b,-4.937,-0.07499999,-3.479,0,333.1563,0,1,1,1
rpgpp_lt_chair_01a,-3.454044,-0.088,-5.894385,0,130.2153,0,1,1,1
rpgpp_lt_chair_01b,-2.8,-0.07499999,-5.47,0,162.5527,0,1,1,1
rpgpp_lt_bowl_metal_01,-9.687,0.193,-7.36,0,0,0,1,1,1
rpgpp_lt_jug_01,-3.97,0.631,-4.44,0,0,0,1,1,1
rpgpp_lt_wagon_01,12.98,1.23,18.34,-2.134434E-07,121.437,7.686472,1,1,1
rpgpp_lt_log_wood_01,-20.03,0.51,10.14,0,270,0,1,1,1
rpgpp_lt_log_wood_01,-18.03,0.51,10.12,0,270,0,1,1,1
rpgpp_lt_trough_01,-3.038,0.388,8.404,0,0,0,1,1,1
rpgpp_lt_sack_open_01,-9.848,0.081,-6.267426,13.46414,0,0,1,1,1
rpgpp_lt_sack_open_01,-9.757552,0.0965409,-5.323,351.6777,359.9657,9.631826,1,1,1
rpgpp_lt_shield_wall_01a,-10.842,2.267,8.845,0.2638766,179.0637,0.2302682,1,1,1
rpgpp_lt_broom_01,3.401121,1.72038,-23.50663,2.049057E-05,87.26983,75.6487,1,1,1
SM_Prop_Brick_02,39.06569,-0.1300015,0.5922906,0,0,0,1,1,1
SM_Prop_Brick_01,39.37497,-0.1330013,-3.539191,0,0,0,1,1,1
SM_Prop_Brick_01,-20.439,-0.4119997,-17.911,1.919413,202.8227,353.7057,1.118003,1.118004,1.118004
SM_Prop_Chest_Wood_01,27.485,-1.516001,-30.37001,1.803756,257.298,18.81684,0.9170603,0.9170603,0.9170603
SM_Prop_StoneWall_02,-11.86,-0.3989992,-4.861,-1.280591E-06,87.13128,1.075527E-07,1.014449,1,1
SM_Prop_Pillar_Broken_Moss_01,-19.71,0.112,-15.56,3.057556E-06,234.0614,-3.569829E-07,1,1,1
SM_Prop_StoneWall_02,-10.601,-0.5840011,-14.233,-8.090512E-07,254.4175,-3.463E-07,1,1,1
SM_Prop_StoneWall_03,-10.493,-0.6060009,-14.289,-1.331218E-06,76.51002,3.094212E-07,1,1,1
SM_Prop_StoneWall_02,-19.504,-0.3859997,4.042,-7.793641E-07,48.1966,-3.485986E-07,0.9344023,1,1
SM_Prop_StoneWall_02,-20.187,-0.3369989,4.955002,2.283207E-06,231.9903,-7.863866E-07,0.934403,1,1
SM_Prop_StoneWall_03,-19.58,-0.2829981,4.092003,7.440057E-07,238.7491,4.187901E-07,1,1,1
SM_Prop_RoadSign_01,15.27,0.197,-2.08,1.982893E-06,302.35,1.832329E-06,1,1,1
SM_Prop_RoadSign_01,-2.19664,0.129,-2.113186,0,176.9785,0,1,1,1
SM_Prop_Fence_02,16.50259,-0.18,-2.149339,0,269.6626,0,1,1,1
SM_Prop_Fence_02,16.51937,-0.18,-5.000302,0,269.6626,0,1,1,1
SM_Prop_Fence_02,16.53594,-0.18,-7.813248,0,269.6626,0,1,1,1
SM_Prop_Fence_02,24.88315,-0.18,12.14195,0,269.6626,0,1,1,1
SM_Prop_Fence_02,24.89994,-0.18,9.289003,0,269.6626,0,1,1,1
SM_Prop_Fence_02,16.45,-0.18,6.38,0,269.6626,0,1,1,1
SM_Prop_Fence_02,16.46679,-0.18,3.529052,0,269.6626,0,1,1,1
SM_Prop_Fence_02,16.64,-0.18,-22.16,0,270,0,1,1,1
SM_Prop_Fence_02,16.64,-0.18,-24.997,0,270,0,1,1,1
SM_Prop_Fence_02,16.64,-0.18,-27.85,0,270,0,1,1,1
SM_Prop_Fence_02,16.64,-0.18,-30.687,0,270,0,1,1,1
SM_Prop_Fence_02,16.64,-0.18,-33.53,0,270,0,1,1,1
SM_Prop_Fence_02,16.64,-0.18,-36.367,0,270,0,1,1,1
SM_Prop_Fence_02,16.64,-0.18,-39.216,0,270,0,1,1,1
SM_Prop_Fence_02,16.64,-0.18,-42.053,0,270,0,1,1,1
SM_Prop_Fence_02,16.53594,-0.18,-10.61705,0,269.6626,0,1,1,1
rpgpp_lt_building_01,0,0,14.69,0,180,0,1,1,1
rpgpp_lt_building_03,0.31,-0.1,-27.12,0,0,0,1,1,1
rpgpp_lt_building_04,-14.56,1.1,-9.88,0,180,0,1,1,1
rpgpp_lt_building_05,-14.62,0.71,14.22,0,180,0,1,1,1
Vegetation
SM_Tree_Generic_Dead_01,15.58026,-0.05941916,-20.94044,0,0,0,1,1,1
SM_Tree_Pine_Dead_01,-15.86,-0.4500012,-24.59,-5.18976E-07,74.87006,6.779331E-07,0.7942353,0.7942351,0.7942351
SM_Tree_Pine_Dead_01,-22.7,-0.4799995,-31.4,0,0,0,1,1,1
SM_Tree_Pine_Large_01,-24.21,-0.82,-37.17,0,0,0,1,1,1
SM_Tree_Pine_Large_02,-19.39,-0.34,-32.89,0,0,355.3739,1,1,1
SM_Tree_Birch_01,3.459999,-0.2199993,5.730001,0,0,0,1,1,1
SM_Tree_Pine_01,3.56,-0.2399988,30.17,0,0,0,1,1,1
SM_Tree_Pine_01,-6.3,-0.32,-6.19,356.5671,319.3982,2.957392,1,1,1
SM_Tree_Pine_01,13.3826,-0.1588674,5.933993,1.729768,0.9419696,0.4822357,1,1,1
SM_Tree_Log_02,13.58058,0.301,-25.5458,2.284092E-06,127.8804,7.838102E-07,1,1,1
SM_Tree_Swamp_Stump_01,23.49,0.7293434,-33.25,351.9924,266.8114,357.7244,1.169942,1.169941,1.169942
SM_Tree_Swamp_02,38.947,-0.9840035,-21.402,0,0,0,1.299907,1.299907,1.299907
SM_Tree_Pine_01,-43.91,5.51,-17.62,359.9714,21.99887,352.9485,1,1,1
SM_Tree_Birch_03,-27.08774,-0.1941586,8.417465,0,0,0,1,1,1
SM_Tree_Birch_Small_01,-24.9,-0.1192017,7.890003,0,0,0,1,1,1
SM_Tree_Pine_01,-39.3642,0.01217556,6.067189,0,0,0,1,1,1
SM_Tree_Pine_Large_01,-48.14,4.32,-6.41,0,0,0,1,1,1
SM_Tree_Pine_Large_02,-38.37981,-0.415,7.310723,0,0,0,1,1,1
SM_Tree_Pine_Small_02,-35.92802,-0.3749971,6.40175,0,0,0,1,1,1
SM_Tree_Pine_Small_02,-37.7,0.048,25.96,0,0,0,1,1,1
SM_Tree_Pine_Large_02,-42.9,-0.57,19.96,0,0,0,1,1,1
SM_Tree_Pine_Large_01,-44,-0.7599945,22.53,0,0,0,1,1,1
SM_Tree_Birch_04,-24.70001,-0.3699961,18.42001,0,0,0,1,1,1
SM_Tree_Birch_01,-10.63299,-0.252038,23.3173,0,0,0,1,1,1
SM_Tree_Birch_02,-37.26787,-0.3650007,8.973821,0,0,0,1,1,1
SM_Tree_Birch_03,-37.6213,-0.2799988,11.55141,0,0,0,1,1,1
SM_Tree_Twig_02,34.09305,-1.057002,-40.38714,19.12746,178.2714,187.1539,1,1,1
SM_Tree_Twig_05,19.06983,-0.9608145,-33.19454,20.27985,35.66027,3.685023,1,1,1
SM_Tree_Dead_03,30.88291,-1.014551,-23.24456,0,0,0,1,1,1
SM_Tree_Dead_01,33.37204,-1.037861,-38.99735,0,268.7251,0,1,1,1
SM_Tree_Dead_02,27.882,-1.123561,-29.72601,0,0,0,1,1,1
SM_Tree_Dead_02,20.18331,-0.419,-32.13877,0,0,0,1,1,1
SM_Tree_Generic_Giant_01,-34.14001,0.6500015,26.70001,0,0,0,1.062427,1.062427,1.062427
SM_Tree_Willow_Large_01,-37.71001,-0.5899963,16.88001,4.076103E-07,217.118,-1.214061E-06,1,1,-1
SM_Tree_Pine_Dead_01,21.858,0.03399992,4.498,0,0,0,0.8142352,0.8142351,0.8142353
SM_Tree_Pine_02,22.67104,-0.1070004,2.830877,2.215311,1.044541,4.815491,1,1,1
SM_Tree_Birch_02,19.63,-0.01,5.97,0,0,0,1,1,1
SM_Tree_Birch_04,24.48,-0.432,5.989998,0,0,0,1,1,1
SM_Tree_Birch_01,18.35847,-0.01800013,4.496129,0,0,0,1,1,1
SM_Tree_Branch_01,19.02,0.315,5.184,353.4183,354.6742,26.26083,1,1,1
SM_Tree_Stump_01,17.72203,-0.07300043,-3.124539,0,0,0,1,1,1
SM_Tree_Stump_04,18.25,-0.1160002,-2.300001,0,0,0,1,1,1
SM_Tree_Stump_03,3.164,0.15,-22.524,0,87.26985,0,1,1,1
SM_Tree_Log_02,5.886,0.162,-4.377,8.556698E-07,314.93,-1.279394E-06,1,1,1
SM_Tree_Birch_04,19.308,-0.1590004,-2.398001,-9.57116E-07,306.25,-4.721032E-07,1,1,1
SM_Tree_Birch_03,14.2,-0.1020002,3.49,0,0,0,1,1,1
SM_Tree_Willow_Medium_01,9.8631,1.13,18.89082,0,0,0,1,1,1
SM_Tree_Willow_Small_01,17.62,0.29,13.64,0,0,0,1,1,1
SM_Tree_Willow_Large_01,7.08,2.031454,26.87,4.237525E-07,346.1054,-5.163477E-08,1,1,1
SM_Tree_Willow_Small_01,-8.24,-0.09872437,-19.22,5.295382E-07,59.48251,7.941985E-07,1,1,1
SM_Tree_Willow_Medium_01,18.21,-0.08333588,-26.34,0,0,0,1,1,1
SM_Tree_Willow_Large_01,-7.160002,-0.17,20.8,4.243961E-07,347.6153,-4.604678E-08,1,1,1
SM_Tree_Willow_Small_01,-15.957,-0.3599997,3.267,0,0,0,1,1,1
SM_Tree_Willow_Large_01,5.51,0.1,-14.12,3.610395E-07,309.9675,7.736795E-07,1,1,1
SM_Tree_Birch_01,-3.231199,-0.6399984,4.260002,0,0,0,1,1,1
SM_Tree_Log_01,28.5,-0.7600021,-29.91001,9.753579E-07,17.76394,-7.117134E-07,1.883083,1.883083,1.883083
SM_Tree_Log_02,47.94199,-0.8200035,-39.03583,1.954088,246.3831,24.27826,1.456414,1.456414,1.456415
SM_Tree_Swamp_Root_01,34.9172,-1.080002,-38.51555,0,268.7251,0,1.728126,1.728125,1.728125
SM_Tree_Stump_02,31.95893,-0.9900017,-39.91037,0,268.7251,0,0.7542026,0.7542025,0.7542028
SM_Tree_Stump_03,32.75771,-1.300002,-38.56357,1.069066,283.981,15.15285,1,1,1
SM_Tree_Swamp_02,32.27317,-1.197161,-26.2596,0,0,0,1,1,1
SM_Tree_Swamp_02,33.61,-0.8900023,-31.37,358.0055,100.1488,0.8546501,1.419169,1.41917,1.41917
SM_Tree_04,-33.08,-0.08333588,-27.39,0,0,0,1,1,1
SM_Tree_Pine_Small_02,-38.59458,2.856001,-16.50954,0,0,0,1,1,1
SM_Tree_Pine_Small_02,27.032,16.396,30.036,0,0,0,1,1,1
SM_Tree_Pine_Large_02,36.79,14.74,17.8,7.042906E-07,38.53342,-2.01489E-06,1.212361,1.212361,1.212361
SM_Tree_Pine_Small_01,29.61,19.51,14.07,0,0,0,1,1,1
SM_Tree_Pine_Small_02,17.59,18.66,36.01001,0,0,0,1,1,1
SM_Tree_Pine_Large_02,27.02,15.71,31.8,-6.667703E-07,38.25323,-6.83066E-07,1,1,1
SM_Tree_Pine_Large_02,43.17,27.41,34.02001,0,0,0,1,1,1
SM_Tree_Pine_Small_02,37.6,27.08,21.15,0,0,0,1,1,1
SM_Tree_Pine_Small_01,40.01,29.32,20.67,0,0,0,1,1,1
SM_Tree_Pine_Large_02,35.57,25.22348,23.82,0,30.19911,0,0.8175739,0.8175736,0.8175738
SM_Tree_Pine_Large_01,30.01155,26.5,34.62531,0,0,0,0.9276394,0.9276394,0.9276395
SM_Tree_Willow_Large_01,-21.57,-0.2699976,26.08,3.976394E-07,317.3355,-1.552911E-07,1,1,1
SM_Tree_Birch_01,-41.32,-0.194,23.28,0,0,0,1,1,1
SM_Tree_Birch_02,-42.06001,-0.6199951,31.64001,0,0,0,1,1,1
SM_Tree_Pine_02,-34.13645,-0.08333302,-33.41232,0,0,0,1,1,1
SM_Tree_Pine_01,-33.95,-0.08333302,-30.6,0,0,0,1.074142,1.074142,1.074142
SM_Tree_Pine_02,-31.16703,-0.1253214,-33.88882,0,0,0,1.248284,1.248284,1.248285
SM_Tree_Pine_Dead_01,8.874821,0.16,-26.55305,0,0,0,0.6471146,0.6471146,0.6471146
SM_Tree_Pine_Dead_01,8.647669,-0.043,-35.31458,0,0,0,1,1,1
SM_Tree_Pine_01,4.57336,0.1,-36.74186,0,0,0,1,1,1
SM_Tree_Dead_02,4.651771,0.112,-33.83962,0,0,0,1.356892,1.356892,1.356892
SM_Tree_Birch_Dead_01,10.79643,0.04,-32.42754,0,0,0,1.234722,1.234722,1.234722
SM_Tree_Birch_Dead_01,8.189932,0.2149973,-39.88,0,0,0,1.234722,1.234722,1.234722
SM_Tree_Birch_01,10.95466,-0.16,-28.8709,0,0,0,1,1,1
SM_Tree_Birch_01,1.498776,-0.08333588,-36.22853,0,0,0,1,1,1
SM_Tree_Generic_Giant_01,21.64,0.6199973,-37.98,0,0,0,1.198863,1.198864,1.198864
SM_Tree_02,15.61,-0.0199995,6.530002,0,0,0,0.7600001,0.7599999,0.7600002
SM_Tree_04,13.061,-0.015,7.656,0,0,0,0.6475379,0.6475378,0.6475381
SM_Tree_Birch_Small_01,-6.840504,3.318207,35.32902,-2.057759E-07,338.8945,-3.435514E-06,1,1,1
SM_Tree_Birch_04,-9.991596,3.51067,33.92598,-9.942032E-06,89.44369,3.972423E-06,0.7917157,0.7917157,0.7917158
SM_Tree_Birch_01,-4.753769,3.928725,33.18064,-2.057759E-07,338.8945,-3.435514E-06,1,1,1
SM_Tree_Birch_04,1.949999,0.2,32.89001,0,0,0,1,1,1
SM_Tree_Branch_01,5.881,0.346,6.872,0,0,0,1,1,1
SM_Tree_Birch_03,11.23,-0.0999999,6.810001,0,0,0,1,1,1
SM_Tree_Pine_01,-9.1,0.03000116,-2.86,0,0,0,1,1,1
SM_Tree_Birch_01,20.94,-0.1700006,-5.370001,0,0,0,1,1,1
SM_Tree_Birch_01,13.24,-0.1400008,-7.83,0,0,0,1,1,1
SM_Tree_Generic_01,7.516937,-0.64,36.0058,-1.174675E-06,133.0522,5.101272E-07,1,1,1
SM_Tree_Round_02,16.2,-0.05000019,4.24,355.5285,22.76808,4.02302,0.7258579,0.725858,0.725858
SM_Tree_Generic_Dead_01,33.1,-1.510002,-19.28001,0,0,0,1.551426,1.551427,1.551427
SM_Tree_Birch_Dead_01,28.63,-1.340002,-28.13,0,0,0,1.25738,1.25738,1.25738
SM_Tree_Birch_Dead_01,30.205,-1.340002,-23.506,0,0,0,1.56436,1.56436,1.56436
SM_Tree_Branch_01,27.70001,-0.8915439,-28.984,7.258336,66.70756,3.29991,1,1,1
SM_Tree_Branch_01,35.18,-0.8915424,-23.76,7.258336,66.70756,3.29991,1,1,1
SM_Tree_Swamp_02,36.63,-0.9400029,-36.18,353.6877,65.48151,4.921424,2.142716,2.142715,2.142715
SM_Tree_Swamp_04,28.85,-1.060003,-33.42,353.4439,355.6421,348.3745,1.031256,1.031256,1.031257
SM_Tree_Swamp_02,33.55,-0.940002,-23.42001,355.1733,72.62233,357.1668,1.417568,1.417568,1.417568
SM_Tree_Generic_Dead_01,30.12,-1.220002,-27.99,5.395185E-07,294.8235,-3.448807E-07,1.390095,1.390095,1.390095
SM_Tree_Stump_02,31.427,-1.260003,-33.833,-1.074521E-06,102.9292,-2.356731E-07,0.6600001,0.6600001,0.6600002
SM_Tree_Willow_Medium_01,29.545,-0.9500017,-21.836,-5.943369E-07,156.1122,-7.469441E-07,1.104142,1.104142,1.104142
SM_Tree_Generic_01,6.64,-0.4800005,32.44001,-5.881884E-07,328.3063,1.054463E-06,1,1,1
SM_Tree_Birch_01,7.61,-0.1199999,-4.360001,-9.882449E-07,298.1,-4.028952E-07,0.7117159,0.7117156,0.7117161
SM_Tree_Pine_Dead_01,39.26362,-1.310003,-37.40854,41.47047,272.3374,272.007,1,1,1
SM_Tree_Willow_Medium_01,31.09396,-1.027625,-35.85,0,0,0,1.104142,1.104142,1.104143
SM_Tree_Willow_Large_01,37.38,-1.088696,-29.56001,0,0,0,1.592092,1.278895,1.592092
SM_Tree_Birch_02,13.37,0.12,-35,0,0,0,1,1,1
SM_Tree_Pine_01,-35.82618,0.01217556,-12.25456,0,0,0,1,1,1
SM_Tree_Pine_Large_02,-34.84179,-0.415,-11.01103,0,0,0,1,1,1
SM_Tree_Pine_Small_02,-32.39,-0.3749971,-11.92,0,0,0,1,1,1
SM_Tree_Birch_02,-33.72985,-0.3650007,-9.34793,0,0,0,1,1,1
SM_Plant_Bush_Leaves_02,-33.03539,-0.3549976,-10.8325,0,0,0,1,1,1
SM_Plant_Bush_Leaves_03,-33.03198,-0.29,-13.45175,0,0,0,1.19,1.19,1.190001
SM_Tree_Pine_01,-30.59618,0.01217556,-19.64456,0,0,0,1,1,1
SM_Tree_Pine_Large_02,-29.61179,-0.415,-18.40103,0,0,0,1,1,1
SM_Tree_Pine_Small_02,-27.16,-0.3749971,-19.31,0,0,0,1,1,1
SM_Tree_Birch_02,-28.49985,-0.3650007,-16.73793,0,0,0,1,1,1
SM_Plant_Bush_Leaves_02,-27.80539,-0.3549976,-18.2225,0,0,0,1,1,1
SM_Plant_Bush_Leaves_03,-27.80198,-0.29,-20.84175,0,0,0,1.19,1.19,1.190001
SM_Tree_Willow_Medium_01,10.08,-0.08333588,-23.87,0,0,0,1,1,1
SM_Tree_Pine_01,19.763,0.039,-34.973,0,0,0,1,1,1
SM_Tree_Birch_02,6.373,0.147,-28.33,0,0,0,1,1,1
SM_Tree_Willow_Large_01,-21.62,0.1,1.54,3.610395E-07,309.9675,7.736795E-07,1,1,1
SM_Tree_Pine_01,22.70028,0.04305696,6.639908,4.268868E-07,-3.415094E-06,2.134434E-07,1,1,1
SM_Tree_Pine_02,11.78999,-0.1500015,-9.239992,4.268868E-07,-3.415094E-06,2.134434E-07,1,1,1
SM_Tree_Pine_Small_01,20.13501,0.1253333,7.260002,4.268868E-07,-3.415094E-06,2.134434E-07,1,1,1
SM_Tree_Pine_Large_02,19.65627,0.2450051,8.141079,3.875058,2.440778,2.917502,1,1,1
SM_Tree_Pine_01,19.37553,-0.2100015,-3.820465,356.0789,358.588,358.4262,1,1,1
SM_Tree_Pine_02,17.90514,-0.1644111,-5.322868,356.0312,357.9536,2.32338,1,1,1
SM_Tree_Pine_Large_01,20.17308,-0.3700013,-9.964647,357.567,358.7939,3.285736,1,1,1
SM_Tree_Pine_Small_02,16.75344,-0.1750011,-6.96994,4.268868E-07,-3.415094E-06,2.134434E-07,1,1,1
SM_Tree_Round_05,17.87097,-0.1601281,-9.122707,-1.495329E-06,122.26,8.244444E-07,0.7546268,0.7546268,0.7546267
SM_Tree_Pine_Small_01,19.43999,-0.0833354,-8.929996,4.268868E-07,-3.415094E-06,2.134434E-07,1,1,1
SM_Tree_Pine_Small_01,20.95999,-0.0833354,-9.65,4.268868E-07,-3.415094E-06,2.134434E-07,1,1,1
SM_Tree_Pine_02,19.32408,-0.0833354,-6.495428,4.268868E-07,-3.415094E-06,2.134434E-07,1,1,1
SM_Tree_Pine_Small_02,9.356966,-0.1740994,-10.26181,4.268868E-07,-3.415094E-06,2.134434E-07,1,1,1
SM_Tree_Pine_Small_02,6.222452,-0.1790929,-8.49382,4.268868E-07,-3.415094E-06,2.134434E-07,1,1,1
SM_Tree_Pine_Small_02,5.66588,-0.1719489,-3.08474,359.0436,358.9434,355.7695,1,1,1
SM_Tree_Pine_Small_02,5.786257,-0.1820993,3.653591,4.268868E-07,-3.415094E-06,2.134434E-07,1,1,1
SM_Tree_Pine_Small_02,6.013021,-0.2017112,10.39512,4.268868E-07,-3.415094E-06,2.134434E-07,1,1,1
SM_Tree_Pine_Small_02,8.273104,-0.1867871,-6.368382,358.8164,359.9395,5.881797,1,1,1
SM_Tree_Pine_02,15.55284,-0.1521783,-9.666586,0.480603,16.2068,1.540829,1,1,1
SM_Tree_Pine_Small_02,4.300089,-0.1164203,-5.636593,359.269,359.9751,3.932138,1,1,1
SM_Tree_Pine_Small_02,18.73091,5.814387,-14.62656,4.268868E-07,-3.415094E-06,2.134434E-07,1,1,1
SM_Tree_Generic_Dead_01,23.22,-0.05941916,-20.5,0,0,0,1,1,1
SM_Tree_Willow_Large_01,9.97,0.1,4.73,3.610395E-07,309.9675,7.736795E-07,1,1,1
SM_Tree_Pine_02,14.69,-0.29,-5.32,356.0312,357.9536,2.32338,1,1,1
SM_Tree_Birch_04,11.71,-0.1590004,-5.55,-9.57116E-07,306.25,-4.721032E-07,1,1,1
SM_Tree_Birch_04,24.48,-0.432,5.989998,0,0,0,1,1,1
SM_Tree_Birch_01,20.73,0.1333348,1.01,0,0,0,1,1,1
SM_Tree_Pine_01,18.19,0.25,2.31,356.0789,358.588,358.4262,1,1,1
SM_Tree_Pine_02,19.05,0.12,-0.52,356.0312,357.9536,2.32338,1,1,1
SM_Tree_Pine_02,20.51,0.22,-1.55,4.268868E-07,-3.415094E-06,2.134434E-07,1,1,1
SM_Plant_Grass_05,9.067876,0.1549993,40.54647,0,0,0,1.580067,1.580067,1.580068
SM_Plant_Grass_05,11.01,0.7740006,9.117,357.2955,4.367231,3.706576,1,1,1
SM_Plant_Grass_05,33.57802,-1.298001,-29.57399,10.46115,46.27903,2.278668,1.709584,1.709584,1.709584
SM_Plant_Grass_01,33.63693,-0.08199978,2.148073,0,0,0,1,1,1
SM_Plant_Grass_04,21.93607,-0.1380005,3.129,0,0,0,1,1,1
SM_Plant_Grass_02,16.729,0.293,-1.791,0,0,0,1,1,1
SM_Plant_Grass_05,5.676685,-0.07728148,1.950104,0,0,0,1,1,1
SM_Plant_Grass_01,13.439,2.054999,-11.496,352.8224,355.2664,359.6135,1,1,1
SM_Plant_Grass_01,9.658002,1.687799,-14.266,352.8224,355.2664,359.6135,1,1,1
SM_Plant_Grass_01,12.4609,1.272399,-15.5133,-1.910292E-06,273.1125,-5.42594E-07,1,1,1
SM_Plant_Grass_05,6.599966,1.918001,14.64638,0,0,0,1,1,1
SM_Plant_Grass_02,9.888069,0.34,17.96671,0,0,0,1,1,1
SM_Plant_Grass_05,6.973266,1.979001,17.98661,0,0,0,1,1,1
SM_Plant_Grass_04,-8.538666,-0.04547614,5.360805,0,0,0,1,1,1
SM_Plant_Grass_04,-2.815819,-0.2301278,3.67188,0,0,0,1,1,1
SM_Plant_Grass_03,2.689155,0.077,3.035223,0,0,0,1,1,1
SM_Plant_Grass_03,4.747216,0.1062088,10.10356,0,0,0,1,1,1
SM_Plant_Grass_05,34.069,-1.395002,-25.15301,10.46115,46.27903,2.278668,1.709584,1.709584,1.709584
SM_Plant_Grass_05,29.718,-1.395001,-19.398,10.46115,46.27903,2.278668,1.709584,1.709584,1.709584
SM_Plant_Grass_05,33.17001,-1.283004,-39.50001,7.336534,34.43203,8.483621,2.25665,2.256649,2.256649
SM_Plant_Grass_05,28.68901,-1.283004,-41.02301,7.336534,78.01016,8.483627,2.256649,2.25665,2.25665
SM_Plant_Bush_Leaves_01,-27.135,-0.1084881,11.06001,-5.939673E-07,88.16548,6.132963E-07,1,1,1
SM_Plant_Bush_01,8.850599,-0.08333206,-4.858338,0,0,0,1,1,1
SM_Plant_Bush_01,9.572688,1.836001,12.68709,0,0,0,0.8300001,0.83,0.8300002
SM_Plant_Bush_01,13.7,-0.08333206,-2.96,0,0,0,1,1,1
rpgpp_lt_flower_01,9.79,0,-16.38,0,0,0,1,1,1
rpgpp_lt_flower_02,3.378,-0.033,-20.869,0,0,0,1,1,1
rpgpp_lt_flower_03,3.855,-0.139,-21.577,0,4.90202,0,1.116279,1.116279,1.116279
rpgpp_lt_flower_01,10.27,0,-22.64,0,0,0,1,1,1
rpgpp_lt_flower_02,12.58,0.474,-13.94,0,0,0,1,1,1
rpgpp_lt_flower_03,11.09,0,-23.53,0,4.90202,0,1.116279,1.116279,1.116279
rpgpp_lt_flower_01,-5.037,0,-22.421,0,0,0,1,1,1
rpgpp_lt_flower_03,-3.16,-0.049,-19.66,0,4.90202,0,1.116279,1.116279,1.116279
SM_Plant_Flowers_01,17.79704,0.2,-35.53173,-1.379847E-07,57.09328,-1.532965E-06,1,1,1
SM_Plant_Flowers_01,36.94814,-1.202825,-27.57101,0,0,0,1,1,1
SM_Plant_Flowers_01,32.47707,-1.030292,-29.33019,0,0,0,1,1,1
SM_Plant_Flowers_01,17.40073,-0.0007896423,-1.881074,0,0,0,1,1,1
SM_Plant_PurpleFlower_01,-28.314,0.005,15.09001,-3.835859E-07,127.9403,1.873346E-07,1,1,1
SM_Plant_PurpleFlower_01,-25.592,-0.009103775,11.669,-6.774815E-07,74.96971,-5.195654E-07,1,1,1
SM_Plant_Flowers_01,-28.803,-0.3558493,12.328,-1.87075E-06,65.32987,1.336052E-06,0.8258576,0.8258579,0.8258575
SM_Plant_Flowers_01,-28.955,0.214,12.81,-1.117011E-06,81.71214,1.291512E-06,1.161224,1.161224,1.161224
SM_Plant_Flowers_01,-29.28301,0.214,12.382,0,0,0,1,1,1
SM_Plant_PurpleFlower_01,-30.18485,-0.05746841,-20.32344,0,0,0,1,1,1
SM_Plant_PurpleFlower_01,-28.024,0.202,-25.993,0,0,0,1,1,1
SM_Plant_PurpleFlower_01,-14.2849,-0.08333588,-19.57454,0,0,0,1,1,1
SM_Plant_PurpleFlower_01,-8.307278,-0.07137299,-14.85931,0,0,0,1,1,1
SM_Plant_PurpleFlower_01,-17.23212,-0.08333302,-6.708315,0,0,0,1,1,1
SM_Plant_PurpleFlower_01,-10.25279,-0.0833354,-5.822357,0,0,0,1,1,1
SM_Plant_PurpleFlower_01,-7.701913,-0.005459487,5.552434,0,0,0,1,1,1
SM_Plant_PurpleFlower_01,6.87898,1.679001,13.65661,0,0,0,1,1,1
SM_Plant_Fern_Leaves_02,9.408995,0.1549995,41.74601,0,0,0,1.532121,1.532122,1.532122
SM_Plant_Grass_05,39.61001,-1.250003,-32.87001,354.6646,2.043191,14.98431,3.380388,3.380386,3.380388
SM_Plant_06,7.849994,0.1549995,42.77001,0,0,0,1,1,1
SM_Plant_PalmBush_01,9.686992,0.155,42.613,-9.262102E-07,25.13822,2.308605E-07,0.7218634,0.7218634,0.7218633
SM_Plant_06,9.727094,0.1549988,44.47122,0,0,0,1.703447,1.703447,1.703447
SM_Plant_04,8.704335,-0.35,45.14302,0,0,0,1.774887,1.774887,1.774887
SM_Plant_Fern_Leaves_01,7.159316,0.1417689,42.10355,0,0,0,1,1,1
SM_Plant_Fern_Leaves_02,10.88832,-0.01,43.52558,0,0,0,1.509112,1.509112,1.509112
SM_Plant_Fern_02,10.09879,0.5935531,8.839314,0,0,0,1,1,1
SM_Plant_07,10.44663,1.6499,42.1766,0,0,0,1,1,1
SM_Plant_Fern_Leaves_01,7.856508,0.1803813,9.334446,0,0,0,1,1,1
SM_Plant_Bush_Leaves_03,6.775587,0.2645431,9.634382,0,0,0,1,1,1
SM_Plant_Bush_Leaves_01,8.5821,0.3963773,9.041228,0,0,0,1,1,1
SM_Plant_Bush_Leaves_03,2.939486,-0.004999161,4.076779,0,0,0,1,1,1
SM_Plant_Fern_02,8.288,-0.07853508,-3.934,0,0,0,1,1,1
SM_Plant_Reeds_01,26.8223,-1.390002,-27.80861,0,0,0,1,1,1
SM_Plant_PalmBush_01,32.23247,-0.1269131,-28.81021,0,0,0,0.7658355,0.7658358,0.765836
SM_Plant_Lillypad_Large_01,22.96001,-1.270003,-33.39,0,0,0,0.4431628,0.4431628,0.4431629
SM_Plant_Lillypad_Large_02,27.081,-1.270002,-26.271,0,0,0,0.6092894,0.6092894,0.6092896
SM_Plant_Bush_Leaves_02,-42.43302,-0.6400986,26.81459,0,0,0,1,1,1
SM_Plant_Bush_Leaves_01,-41.21301,-0.727354,27.25601,0,0,0,1,1,1
SM_Plant_Bush_Leaves_01,-22.44815,-0.009552002,14.62485,0,0,0,1,1,1
SM_Plant_Bush_Leaves_03,-30.43687,-0.4555664,11.96521,0,0,0,1,1,1
SM_Plant_Bush_Leaves_02,-27.48993,-0.1023455,13.26752,0,0,0,1,1,1
SM_Plant_Bush_Leaves_02,-27.99879,-0.141345,12.00826,0,0,0,1,1,1
SM_Plant_Bush_Leaves_01,-28.17956,-0.1084871,13.10164,0,0,0,1,1,1
SM_Plant_Fern_Leaves_01,-29.22841,-0.1339331,26.64635,-3.792515E-07,306.6131,1.14631E-06,0.5992724,0.5992723,0.5992726
SM_Plant_Fern_Leaves_01,-30.91684,0.123,26.14965,0,0,0,0.7693551,0.7693551,0.7693552
SM_Plant_Fern_Leaves_02,-33.35401,-0.1309967,25.29,0,0,0,1,1,1
SM_Plant_Fern_Leaves_01,-36.96301,-0.6879969,16.871,0,0,0,0.650058,0.6500582,0.6500583
SM_Plant_Fern_Leaves_01,-26.324,0.0245285,15.95001,-3.276093E-07,29.6435,1.238048E-06,0.5488018,0.5488018,0.5488018
SM_Plant_Fern_Leaves_02,-25.604,0.03757763,15.73401,0,0,0,0.8417158,0.8417157,0.8417159
SM_Plant_Fern_Leaves_01,-25.15136,0.0245285,15.06168,0,0,0,0.650058,0.6500582,0.6500583
SM_Plant_07,16.396,-0.148478,-2.660637,0,0,0,1,1,1
SM_Plant_Hedge_Bush_01,20.14848,-0.1389999,3.835264,0,0,0,0.7000002,0.7000001,0.7000002
SM_Plant_Bush_Leaves_03,-4.056409,0.1548904,4.51397,-2.498216E-07,251.6367,3.461524E-07,1,1,1
SM_Plant_Bush_Leaves_02,7.174636,-0.06346083,1.166374,0,0,0,1,1,1
SM_Plant_Fern_Leaves_01,-2.604001,-0.09499931,4.341002,0,0,0,1,1,1
SM_Plant_Fern_Leaves_02,38.49489,-1.021237,-31.11575,0,0,0,1,1,1
SM_Plant_Fern_Leaves_02,37.02762,-1.112744,-28.42317,0,0,0,1,1,1
SM_Plant_Fern_Leaves_02,30.40236,-1.140285,-20.06686,0,0,0,1,1,1
SM_Plant_Fern_Leaves_02,37.00004,-1.213519,-39.08373,0,268.7251,0,1,1,1
SM_Plant_Mushrooms_05,-34.80201,-0.04499626,25.624,2.405544E-06,259.9441,-2.116414E-07,1,1,1
SM_Plant_Mushrooms_06,-24.09001,0.4910021,16.07,0,173.503,0,1,1,1
SM_Plant_Mushrooms_02,-25.696,0.284,15.082,-3.954136E-07,304.8206,-7.566885E-07,1,1,1
SM_Plant_Undergrowth_01,-31.14373,0.1158848,25.27672,14.55833,141.1003,353.4799,1,1,1
SM_Plant_Undergrowth_01,-27.56101,0.155,16.81001,2.950291E-07,139.5682,8.011787E-07,1,1,1
SM_Plant_Undergrowth_01,-22.454,0.113,6.783001,-6.209716E-07,45.70525,-7.249523E-07,1,1,1
SM_Plant_03,-25.276,-0.1093016,9.566004,0,64.59898,0,0.8652788,0.8652787,0.8652788
SM_Plant_02,-24.431,0.107,9.713001,0,0,0,1,1,1
SM_Plant_02,9.069276,-0.1700006,-7.775384,0,0,0,1,1,1
SM_Plant_03,3.563762,-0.1690001,-4.546826,0,0,0,1,1,1
SM_Plant_07,-24.206,-0.1229973,13.936,8.938864E-07,280.7406,3.682659E-07,1,1,1
SM_Plant_07,2.965355,-0.1139998,-2.145187,0,0,0,1,1,1
SM_Plant_Fern_Leaves_01,-33.466,0.073,22.63328,1.915934,12.71752,353.7787,0.7693549,0.7693549,0.7693552
SM_Plant_Mushrooms_02,-29.8954,0.36,26.29527,0,330.4561,0,1,1,1
SM_Plant_07,-7.263948,-0.1620002,9.061003,0,0,0,1,1,1
SM_Plant_Bush_Leaves_02,-6.290667,0.051,9.235687,0,0,0,1,1,1
SM_Plant_Fern_01,-7.629002,0.31,11.79996,359.3969,356.879,353.5429,1,1,1
SM_Plant_Fern_02,23.149,6.934998,-15.697,0,0,0,1,1,1
SM_Plant_Fern_Leaves_01,16.213,4.535998,-15.302,352.3225,356.1306,15.43941,1,1,1
SM_Plant_Fern_03,9.937001,1.752999,-13.375,0,0,0,1,1,1
SM_Plant_Bush_Leaves_03,-23.73001,-0.08333206,-8.699997,0,0,0,1.462426,1.462426,1.462427
SM_Plant_Bush_Leaves_03,-11.11992,-0.08333588,-27.26969,0,0,0,1,1,1
SM_Plant_Bush_Leaves_03,-12.87291,-0.1241584,-19.36832,0,0,0,1,1,1
SM_Plant_Bush_Leaves_03,-9.366684,-0.08304548,-12.22894,0,0,0,1,1,1
SM_Plant_Fern_Leaves_01,-37.98121,1.717058,-5.251562,11.30865,103.8933,10.28139,0.7779192,0.7779192,0.7779197
SM_Plant_Fern_Leaves_01,-40.53951,2.261259,-6.344707,21.09863,109.6097,6.158594,0.9400003,0.9400001,0.9400002
SM_Plant_Fern_Leaves_02,-41.15415,2.487593,-7.292146,21.09863,109.6097,6.158594,1,1,1
SM_Plant_Bush_Leaves_02,-7.9,1.912,31.73,0,0,0,1,1,1
SM_Plant_Bush_Leaves_01,-6.08,2.14,31.56,0,0,0,1,1,1
SM_Plant_Bush_Leaves_03,-12.26,3.629,34.06,-2.057759E-07,338.8945,-3.435514E-06,1,1,1
SM_Plant_Bush_Leaves_01,-6.821566,3.552154,33.34753,-2.057759E-07,338.8945,-3.435514E-06,1,1,1
SM_Plant_Bush_Leaves_03,-9.155636,3.400118,34.83898,-2.057759E-07,338.8945,-3.435514E-06,1,1,1
SM_Plant_Fern_Leaves_01,-14.86,0.23,23.47,352.5658,355.4151,356.2137,0.6586379,0.6586376,0.6586381
SM_Plant_Fern_Leaves_01,-4.77,0.66,22.52,354.3877,342.8052,348.1674,0.658638,0.6586378,0.6586378
SM_Plant_Fern_Leaves_01,-4.47348,0.5962753,21.98637,352.2049,5.512754,3.201802,0.6586378,0.6586378,0.658638
SM_Plant_Fern_Leaves_02,-13.86,-0.051,23.06,0,0,0,1,1,1
SM_Plant_Bush_Leaves_03,-17.9,-0.02,21.99,0,0,0,1,1,1
SM_Plant_Bush_Leaves_02,-14.36526,-0.5875947,25.10384,0,0,0,1,1,1
SM_Plant_Bush_Leaves_03,-23,-0.23,25.87,0,0,0,1,1,1
SM_Plant_Bush_Leaves_01,-10.186,0.051,26.114,0,0,0,1,1,1
SM_Plant_Bush_Leaves_01,-1.85,0.059,22.9,0,0,0,1,1,1
SM_Plant_Bush_Leaves_02,-4.066883,0.458,23.84935,0,0,0,1,1,1
SM_Plant_Bush_Leaves_03,-3.02,-0.007,26.22,0,0,0,1,1,1
SM_Plant_Bush_Leaves_03,-40.08,1.698017,-8.54,0,0,0,1,1,1
SM_Plant_Bush_Leaves_02,-36.5734,-0.3549976,7.489255,0,0,0,1,1,1
SM_Plant_Bush_Leaves_03,-36.57,-0.29,4.87,0,0,0,1.19,1.19,1.190001
SM_Plant_Fern_Leaves_01,-6.15,3.584002,36.26101,0,0,0,0.719355,0.7193551,0.7193552
SM_Plant_Fern_Leaves_01,-10.38625,3.4727,35.09591,-2.057759E-07,338.8945,-3.435514E-06,0.7193551,0.7193551,0.7193553
SM_Plant_Fern_Leaves_02,-9.963976,3.725685,33.35643,-2.057759E-07,338.8945,-3.435514E-06,1,1,1
SM_Plant_Fern_Leaves_01,-7.052206,3.697568,32.44772,-2.057759E-07,338.8945,-3.435514E-06,1,1,1
SM_Plant_Reeds_02,-8.075375,0.255,7.879427,0,0,0,1,1,1
SM_Plant_Bush_Leaves_01,-9.603767,0.03413087,5.280358,0,0,0,1,1,1
SM_Plant_Bush_Leaves_02,-10.36968,-0.0583536,5.516537,0,0,0,1,1,1
SM_Plant_Fern_Leaves_01,-6.994694,0.04535609,8.148983,0,0,0,1,1,1
SM_Plant_Fern_03,-5.934353,0.0009463429,5.031469,0,0,0,1,1,1
SM_Plant_Fern_02,6.198841,-0.07853889,-7.95336,0,0,0,1,1,1
SM_Plant_Fern_Leaves_02,6.961,-0.08333397,-3.938127,0,0,0,1,1,1
SM_Plant_Fern_Leaves_01,-6.8,0.05,3.99,0,0,0,1,1,1
SM_Plant_Bush_Leaves_01,-5.279372,0.1234902,3.1126,0,0,0,1,1,1
SM_Plant_Bush_Leaves_01,5.891791,-0.009034634,4.949346,0,0,0,1,1,1
SM_Plant_06,4.3,-0.08900023,-2.01,0,0,0,1,1,1
SM_Plant_05,3.979546,-0.309999,9.338831,0,0,0,1,1,1
SM_Plant_04,5.276,0.042,6.669,0,0,0,1,1,1
SM_Plant_Fern_03,6.258689,-0.08333349,5.991596,0,0,0,1,1,1
SM_Plant_Fern_Leaves_02,7.091164,-0.02416754,7.889869,0,0,0,1,1,1
SM_Plant_Fern_Leaves_01,5.325,0.011,7.895,0,0,0,1,1,1
SM_Plant_Bush_Leaves_03,3.290525,0.06177902,9.031276,0,0,0,1,1,1
SM_Plant_04,8.16,-0.08599949,0.7000003,0,0,0,1,1,1
SM_Plant_Bush_02,10.24,1.965001,10,0,0,0,1,1,1
SM_Plant_Bush_Leaves_03,8.219999,1.633001,13.04,0,0,0,1,1,1
SM_Plant_Bush_Leaves_02,6.356447,1.530002,13.35985,0,0,0,1,1,1
SM_Plant_Bush_Leaves_02,-37.52,3.227002,-14.75,0,0,0,1,1,1
SM_Plant_Bush_Leaves_03,-37.24558,3.250002,-15.96554,0,0,0,1,1,1
SM_Plant_Bush_Leaves_01,-38.89,2.661129,-17.67,0,0,0,1,1,1
SM_Plant_Bush_Leaves_02,-25.103,0.091,8.805,0,0,0,1,1,1
SM_Plant_Bush_Leaves_03,-34.942,-0.09000206,-21.41917,2.087206E-07,58.54141,-3.723816E-07,1,1,1
SM_Plant_Bush_Leaves_03,-35.71,0.107,-29.08,0,0,0,1,1,1
SM_Plant_Bush_Leaves_02,-37.80942,1.668534,-6.454195,21.09863,109.6097,6.158594,1,1,1
SM_Plant_Bush_Leaves_01,-42.44434,2.12,-6.800315,21.09863,109.6097,6.158594,1,1,1
SM_Plant_Bush_Leaves_03,-38.33,1.76,-7.42,21.09863,109.6097,6.158594,1,1,1
SM_Plant_Bush_Leaves_02,-28.87138,-0.1568222,-25.79825,0,0,0,1,1,1
SM_Plant_Bush_Leaves_03,-29.14877,0.02236748,-22.52906,0,0,0,1,1,1
SM_Plant_Undergrowth_01,6.292915,0.002190113,-0.5534012,0,0,0,1,1,1
SM_Plant_PalmBush_01,32.42,-1.650002,-37.85,1.474029E-07,144.6364,-9.430982E-07,1,1,1
SM_Plant_Reeds_01,35.53,-1.390002,-29.23,0,0,0,1,1,1
SM_Plant_Reeds_01,38.23679,-1.390002,-37.56142,0,268.7251,0,1,1,1
SM_Plant_Fern_Leaves_02,16.67027,-0.1050005,0.06436086,0,0,0,1,1,1
SM_Plant_Fern_Leaves_02,9.055992,0.1549995,43.32801,0,0,0,1.225697,1.225697,1.225698
SM_Plant_Fern_Leaves_01,-22.43,0.21,22.36,352.5658,355.4151,356.2137,0.6586379,0.6586376,0.6586381
SM_Plant_Fern_Leaves_02,-20.63,-0.051,23.89,0,0,0,1,1,1
SM_Plant_Bush_Leaves_03,-24.3,-0.4435947,25.81,0,0,0,1,1,1
SM_Plant_Bush_Leaves_03,-26.17,-0.23,23.25,0,0,0,1,1,1
SM_Plant_Bush_Leaves_01,-22.51,-0.023,24.36,0,0,0,1,1,1
SM_Plant_PurpleFlower_01,-26.42,0.089,25.22,-3.835859E-07,127.9403,1.873346E-07,1,1,1
SM_Plant_Bush_Leaves_03,-26.2,-0.4555664,18.08,0,0,0,1,1,1
SM_Plant_Bush_Leaves_01,-27.42,-0.12,20.69,0,0,0,1,1,1
SM_Plant_Undergrowth_01,-25.66701,0.159,26.94,2.950291E-07,139.5682,8.011787E-07,1,1,1
Particle
SM_Waterfall_Foam,32.48,16.04,28.59,270,60.00006,0,0.7374813,1,1
SM_Waterfall_Foam,22.8,0.3500004,23.4,270,60.00006,0,1,1,1
Leaves_Solo_Orange_01,-24.51,2.780001,18.3,-1.266571E-06,342.9861,1.894473E-07,1,1,1
Leaves_Solo_Orange_01,-25.80001,2.780003,8.474003,-1.266571E-06,342.9861,1.894473E-07,1,1,1
SM_StreamParticle_Small,16.82,1.610001,23.12,90,281.7982,0,3.07762,2.389432,1
SM_StreamParticle_Small,8.307997,1.615002,23.33601,90,279.2994,0,1.31307,1.814219,1
Butterlies_Particle_01_MultiColour,-17.903,0.4000006,-11.376,0,0,0,1,1,1
Grass_Blowing_01,-23.70001,0.5700006,-9.169998,0,0,0,1,1,1
SM_StreamParticle_Wide,33.10627,19.20962,29.03503,-7.082024E-07,58.9213,180,3.607676,3.322327,1.371535
SM_StreamParticle_Wide,22.30542,8.972283,23.73651,1.270288E-05,61.65122,180,3.605361,4.237118,1.372219
FX_Direction_Arrows_02,15.804,0.502,0.678,0,90,0,1,1,1
